{
    "code": 200,
    "data": {
        "data": {
            "feature": "income_<=50K",
            "threshold": 0.5,
            "training_samples_reached": 22792,
            "testing_samples_reached": 9769,
            "value": [
                [
                    0.4762636012636013,
                    0.32585995085995084,
                    0.16597929097929098,
                    0.0318971568971569
                ]
            ],
            "labels": [
                "Married",
                "Never married",
                "Divorced or Separated",
                "Widowed"
            ],
            "impurity": 0.6384217208848659
        },
        "left": {
            "data": {
                "feature": null,
                "threshold": null,
                "training_samples_reached": 5500,
                "testing_samples_reached": 2341,
                "value": [
                    [
                        0.8641818181818182,
                        0.06109090909090909,
                        0.06436363636363636,
                        0.010363636363636363
                    ]
                ],
                "labels": [
                    "Married",
                    "Never married",
                    "Divorced or Separated",
                    "Widowed"
                ],
                "impurity": 0.24520760330578517
            },
            "left": null,
            "right": null
        },
        "right": {
            "data": {
                "feature": null,
                "threshold": null,
                "training_samples_reached": 17292,
                "testing_samples_reached": 7428,
                "value": [
                    [
                        0.3528799444829979,
                        0.41007402266944254,
                        0.1982997918112422,
                        0.03874624103631737
                    ]
                ],
                "labels": [
                    "Married",
                    "Never married",
                    "Divorced or Separated",
                    "Widowed"
                ],
                "impurity": 0.6664909620865515
            },
            "left": null,
            "right": null
        }
    },
    "msg": "OK",
    "userId": "f6a411d5-988d-4c21-9700-0418482b6fac"
}