{
    "code": 200,
    "data": {
        "data": {
            "feature": "age",
            "threshold": 28.5,
            "training_samples_reached": 32561,
            "testing_samples_reached": 16281,
            "value": [
                [
                    0.47348054420933017,
                    0.328091889069746,
                    0.16793096035134056,
                    0.030496606369583245
                ]
            ],
            "labels": [
                "Married",
                "Never married",
                "Divorced or Separated",
                "Widowed"
            ],
            "impurity": 1.6240434463377749
        },
        "left": {
            "data": {
                "feature": "age",
                "threshold": 23.5,
                "training_samples_reached": 8898,
                "testing_samples_reached": 4394,
                "value": [
                    [
                        0.17914138008541244,
                        0.7663519892110586,
                        0.053382782647786016,
                        0.0011238480557428637
                    ]
                ],
                "labels": [
                    "Married",
                    "Never married",
                    "Divorced or Separated",
                    "Widowed"
                ],
                "impurity": 0.9753232248632613
            },
            "left": {
                "data": {
                    "feature": null,
                    "threshold": null,
                    "training_samples_reached": 4772,
                    "testing_samples_reached": 2454,
                    "value": [
                        [
                            0.06894383906119028,
                            0.9067476948868399,
                            0.023679798826487845,
                            0.0006286672254819782
                        ]
                    ],
                    "labels": [
                        "Married",
                        "Never married",
                        "Divorced or Separated",
                        "Widowed"
                    ],
                    "impurity": 0.5286342490962135
                },
                "left": null,
                "right": null
            },
            "right": {
                "data": {
                    "feature": "income_<=50K",
                    "threshold": 0.5,
                    "training_samples_reached": 4126,
                    "testing_samples_reached": 1940,
                    "value": [
                        [
                            0.3065923412506059,
                            0.603974793989336,
                            0.08773630634997576,
                            0.0016965584100824044
                        ]
                    ],
                    "labels": [
                        "Married",
                        "Never married",
                        "Divorced or Separated",
                        "Widowed"
                    ],
                    "impurity": 1.2859091569443735
                },
                "left": {
                    "data": {
                        "feature": null,
                        "threshold": null,
                        "training_samples_reached": 347,
                        "testing_samples_reached": 152,
                        "value": [
                            [
                                0.7953890489913544,
                                0.17579250720461095,
                                0.02881844380403458,
                                0.0
                            ]
                        ],
                        "labels": [
                            "Married",
                            "Never married",
                            "Divorced or Separated",
                            "Widowed"
                        ],
                        "impurity": 0.8510483119126
                    },
                    "left": null,
                    "right": null
                },
                "right": {
                    "data": {
                        "feature": null,
                        "threshold": null,
                        "training_samples_reached": 3779,
                        "testing_samples_reached": 1788,
                        "value": [
                            [
                                0.2617094469436359,
                                0.6432918761577137,
                                0.09314633500926171,
                                0.0018523418893887271
                            ]
                        ],
                        "labels": [
                            "Married",
                            "Never married",
                            "Divorced or Separated",
                            "Widowed"
                        ],
                        "impurity": 1.251341219787262
                    },
                    "left": null,
                    "right": null
                }
            }
        },
        "right": {
            "data": {
                "feature": "sex_Male",
                "threshold": 0.5,
                "training_samples_reached": 23663,
                "testing_samples_reached": 11887,
                "value": [
                    [
                        0.5841609263407007,
                        0.16329290453450535,
                        0.21100452182732535,
                        0.04154164729746862
                    ]
                ],
                "labels": [
                    "Married",
                    "Never married",
                    "Divorced or Separated",
                    "Widowed"
                ],
                "impurity": 1.5442560687784943
            },
            "left": {
                "data": {
                    "feature": "income_>50K",
                    "threshold": 0.5,
                    "training_samples_reached": 7056,
                    "testing_samples_reached": 3554,
                    "value": [
                        [
                            0.21669501133786848,
                            0.24078798185941044,
                            0.42658730158730157,
                            0.1159297052154195
                        ]
                    ],
                    "labels": [
                        "Married",
                        "Never married",
                        "Divorced or Separated",
                        "Widowed"
                    ],
                    "impurity": 1.857405217755554
                },
                "left": {
                    "data": {
                        "feature": null,
                        "threshold": null,
                        "training_samples_reached": 5974,
                        "testing_samples_reached": 3003,
                        "value": [
                            [
                                0.13943756277201205,
                                0.25962504184800805,
                                0.47171074656846335,
                                0.12922664881151658
                            ]
                        ],
                        "labels": [
                            "Married",
                            "Never married",
                            "Divorced or Separated",
                            "Widowed"
                        ],
                        "impurity": 1.7942515284108924
                    },
                    "left": null,
                    "right": null
                },
                "right": {
                    "data": {
                        "feature": null,
                        "threshold": null,
                        "training_samples_reached": 1082,
                        "testing_samples_reached": 551,